,Spatial Index,Algorithm,DICE COEFFICIENT,PRECISION,IOU,RECALL,RELATIVE ERROR
0,"('rRNAcellposetrain1.json', '6a43e466be310d5547e92d33', 0, 4, 1, 3)",CellposeSAM,0.9243474362953001,0.9734195141435782,0.8593364321205321,0.8799855562485638,0.14285714285714285
1,"('rRNAcellposetrain1.json', '6a43e466be310d5547e92d33', 0, 4, 1, 3)",Stardist,0.8934867820515116,0.982367758186398,0.8074795380285336,0.8193546269244657,0.5
2,"('rRNAcellposetrain1.json', '6a43e466be310d5547e92d33', 0, 4, 1, 3)",CellposeTrained,0.7737352597899143,0.9996880037439551,0.6309691817913289,0.6310934576371335,0.07142857142857142
3,"('rRNAcellposetrain1.json', '6a43e466be310d5547e92d33', 0, 4, 0, 3)",CellposeSAM,0.8921584478577202,0.8837283792440743,0.805312317571512,0.900750897812602,0.3333333333333333
4,"('rRNAcellposetrain1.json', '6a43e466be310d5547e92d33', 0, 4, 0, 3)",Stardist,0.8454465401077185,0.9707486832204665,0.73227145340381,0.7487938477164726,0.5555555555555556
5,"('rRNAcellposetrain1.json', '6a43e466be310d5547e92d33', 0, 4, 0, 3)",CellposeTrained,0.7359963374155889,0.9973942176448691,0.5822738961932703,0.583161025864258,0.4444444444444444
6,"('rRNAcellposetrain1.json', '6a43e466be310d5547e92d33', 0, 4, 2, 3)",CellposeSAM,0.8842428900845504,0.8735151187904968,0.7925048222650868,0.8952374364472728,0.2222222222222222
7,"('rRNAcellposetrain1.json', '6a43e466be310d5547e92d33', 0, 4, 2, 3)",Stardist,0.9212787395804708,0.9794328451230913,0.854047077205258,0.8696434129976135,1.2222222222222223
8,"('rRNAcellposetrain1.json', '6a43e466be310d5547e92d33', 0, 4, 2, 3)",CellposeTrained,0.7203854314002829,0.9977349250076523,0.5629706390328152,0.563691073219659,0.5555555555555556
